{
  "documents": [
    {
      "id": 1,
      "content": "The housing market in Australia is growing rapidly."
    },
    {
      "id": 2,
      "content": "Home prices in Sydney have hit record highs."
    },
    {
      "id": 3,
      "content": "New policies may affect property investment in Australia."
    },
    {
      "id": 4,
      "content": "International students are looking for affordable accommodation."
    },
    {
      "id": 5,
      "content": "The Australian government introduced a new housing subsidy program."
    },
    {
      "id": 6,
      "content": "Climate change has major impacts on agriculture worldwide."
    },
    {
      "id": 7,
      "content": "Tech companies are advancing digital education solutions."
    },
    {
      "id": 8,
      "content": "Australia’s immigration policy is undergoing significant changes."
    },
    {
      "id": 9,
      "content": "Urbanization is increasing transportation pressure and housing demand."
    },
    {
      "id": 10,
      "content": "Electric vehicles are gaining popularity in the Australian market."
    }
  ]
}